<?xml version="1.0" encoding="utf-8"?>
<ApplicationInstallerManifest>
   <DefaultInstallationDirectory>/Applications/Genetics_-_University_of_Wisconsin–Madison/ROTAT_V1/</DefaultInstallationDirectory>
   <ApplicationName>ROTAT_V1</ApplicationName>
   <ExecutableName>application/ROTAT_V1.exe</ExecutableName>
   <GUID>7fc54259-c167-4187-932b-38e9f86f8a19</GUID>
   <ApplicationIcon>icon_48.png</ApplicationIcon>
   <Logo>default_logo.png</Logo>
   <Version>1.0</Version>
   <InstallationNotes>In the following directions, replace MCR_ROOT by the directory where the MATLAB Runtime is installed on the target machine.

If the environment variable DYLD_LIBRARY_PATH is undefined, set it to the concatenation of the following strings:

    MCR_ROOT/v92/runtime/maci64:
    MCR_ROOT/v92/sys/os/maci64:
    MCR_ROOT/v92/bin/maci64

If it is defined, set it to the concatenation of these strings:

    ${LD_LIBRARY_PATH}: 
    MCR_ROOT/v92/runtime/maci64:
    MCR_ROOT/v92/sys/os/maci64:
    MCR_ROOT/v92/bin/maci64</InstallationNotes>
   <AuthorOrganization>Genetics - University of Wisconsin–Madison</AuthorOrganization>
   <Summary>FROG (Features of Root Oscillatory Growth) Version_1.0</Summary>
   <WelcomePanelText>ROTAT_V1 1.0
FROG (Features of Root Oscillatory Growth) Version_1.0

FROG (Features of Root Oscillatory Growth) Version_1.0 by Dr. Shih-Heng Su and Dr. Shih-Hao Su

SHIH-HAO SU and SHIH-HENG SU
ssu1@wisc.edu</WelcomePanelText>
   <MCRProducts>
      <MCRProduct>
         <ExternalProductIdentifier>35000</ExternalProductIdentifier>
      </MCRProduct>
      <MCRProduct>
         <ExternalProductIdentifier>35010</ExternalProductIdentifier>
      </MCRProduct>
   </MCRProducts>
</ApplicationInstallerManifest>